{
    "acc": 99.11782390369335,
    "macc": 93.6786584663722,
    "miou": 90.94049294541166,
    "miou_0": 99.10000000000001,
    "miou_1": 82.77999999999999,
    "precision": 0.9383025099634611,
    "recall": 0.8748323996186603,
    "cfm": [
        [
            3585109,
            4180
        ],
        [
            21122,
            83952
        ]
    ]
}