{
    "acc": 99.12644250640462,
    "macc": 93.99295735665548,
    "miou": 89.51491029206137,
    "miou_0": 99.09,
    "miou_1": 79.94142857142856,
    "precision": 0.8837887204426388,
    "recall": 0.8851141604307318,
    "cfm": [
        [
            3575613,
            13676
        ],
        [
            12244,
            92830
        ]
    ]
}