{
    "acc": 99.57670533734374,
    "macc": 96.14505663223349,
    "miou": 93.89861622579903,
    "miou_0": 99.55999999999999,
    "miou_1": 88.24,
    "precision": 0.9505637503482707,
    "recall": 0.9243851757276779,
    "cfm": [
        [
            3585167,
            4122
        ],
        [
            9822,
            95252
        ]
    ]
}