{
    "acc": 99.5530992649229,
    "macc": 97.28853548713631,
    "miou": 93.30581338310171,
    "miou_0": 99.53142857142858,
    "miou_1": 87.07857142857142,
    "precision": 0.915380761611205,
    "recall": 0.9481587345529755,
    "cfm": [
        [
            3579852,
            9437
        ],
        [
            6964,
            98110
        ]
    ]
}