{
    "acc": 99.07036763273868,
    "macc": 93.94700027871696,
    "miou": 90.3104268946297,
    "miou_0": 99.04142857142857,
    "miou_1": 81.57857142857142,
    "precision": 0.894649438451618,
    "recall": 0.8821701847546078,
    "cfm": [
        [
            3579661,
            9628
        ],
        [
            17603,
            87471
        ]
    ]
}