{
    "acc": 99.13611434228223,
    "macc": 93.82309115279307,
    "miou": 91.04758395891615,
    "miou_0": 99.11857142857143,
    "miou_1": 82.97714285714285,
    "precision": 0.9376809213169901,
    "recall": 0.8777633995371286,
    "cfm": [
        [
            3585236,
            4053
        ],
        [
            20351,
            84723
        ]
    ]
}