{
    "acc": 99.04483075703938,
    "macc": 94.48103842503808,
    "miou": 90.57527955452564,
    "miou_0": 99.0142857142857,
    "miou_1": 82.13857142857144,
    "precision": 0.8876965134763773,
    "recall": 0.8937630278983251,
    "cfm": [
        [
            3577805,
            11484
        ],
        [
            16069,
            89005
        ]
    ]
}