{
    "acc": 99.92778935899118,
    "macc": 96.95813672876558,
    "miou": 96.27362236068839,
    "miou_0": 99.92571428571429,
    "miou_1": 92.62,
    "precision": 0.9853644464346897,
    "recall": 0.9392763931019429,
    "cfm": [
        [
            12268946,
            1786
        ],
        [
            6080,
            97911
        ]
    ]
}
"2023-05-22/20-40-06"