{
    "acc": 99.78923978440524,
    "macc": 93.90482052545202,
    "miou": 92.88157866404929,
    "miou_0": 99.78571428571429,
    "miou_1": 85.97714285714287,
    "precision": 0.9652590643314995,
    "recall": 0.8782845538153099,
    "cfm": [
        [
            12268848,
            1884
        ],
        [
            13249,
            90742
        ]
    ]
}