{
    "acc": 71.88853163166229,
    "macc": 75.3356501156869,
    "miou": 37.07044352594511,
    "miou_0": 71.55,
    "miou_1": 2.5900000000000003,
    "precision": 0.026080324813059195,
    "recall": 0.7900689660472231,
    "cfm": [
        [
            9323635,
            2947097
        ],
        [
            18719,
            85272
        ]
    ]
}