{
    "PUNKTSKY_00004_1km_6106_492": {
        "model": {
            "acc": 99.76218541266,
            "macc": 96.91692493151996,
            "miou": 94.87414399073774,
            "miou_class": {
                "0": "99.76",
                "1": "89.99"
            },
            "precision": 0.9554169554169554,
            "recall": 0.9393595275948217,
            "cfm": [
                [
                    188832,
                    193
                ],
                [
                    267,
                    4136
                ]
            ]
        },
        "whole": {}
    },
    "PUNKTSKY_00005_1km_6219_494": {
        "model": {
            "acc": 99.87808372203088,
            "macc": 98.33093591559378,
            "miou": 97.14314295604562,
            "miou_class": {
                "0": "99.88",
                "1": "94.41"
            },
            "precision": 0.9753859678039668,
            "recall": 0.9671497058182611,
            "cfm": [
                [
                    843263,
                    448
                ],
                [
                    603,
                    17753
                ]
            ]
        },
        "whole": {}
    },
    "PUNKTSKY_00004_1km_6106_510": {
        "model": {
            "acc": 99.9210577400082,
            "macc": 99.30319124791873,
            "miou": 98.32827701352245,
            "miou_class": {
                "0": "99.92",
                "1": "96.74"
            },
            "precision": 0.9803071364046974,
            "recall": 0.9865454545454545,
            "cfm": [
                [
                    226206,
                    109
                ],
                [
                    74,
                    5426
                ]
            ]
        },
        "whole": {}
    },
    "PUNKTSKY_00004_1km_6106_494": {
        "model": {
            "acc": 99.63543193101182,
            "macc": 98.6934142143471,
            "miou": 89.70670840285285,
            "miou_class": {
                "0": "99.63",
                "1": "79.78"
            },
            "precision": 0.8129469326307867,
            "recall": 0.9772281707133162,
            "cfm": [
                [
                    442274,
                    1491
                ],
                [
                    151,
                    6480
                ]
            ]
        },
        "whole": {}
    },
    "PUNKTSKY_00005_1km_6211_474": {
        "model": {
            "acc": 99.9484250560455,
            "macc": 99.60948081122365,
            "miou": 99.22611780766499,
            "miou_class": {
                "0": "99.95",
                "1": "98.51"
            },
            "precision": 0.9924876651281235,
            "recall": 0.9924560733384262,
            "cfm": [
                [
                    885460,
                    236
                ],
                [
                    237,
                    31179
                ]
            ]
        },
        "whole": {}
    },
    "PUNKTSKY_00004_1km_6105_518": {
        "model": {
            "acc": 94.96085262846637,
            "macc": 64.9907313169355,
            "miou": 62.08310035014936,
            "miou_class": {
                "0": "94.85",
                "1": "29.31"
            },
            "precision": 0.9081461615822997,
            "recall": 0.30208526930082147,
            "cfm": [
                [
                    361190,
                    822
                ],
                [
                    18776,
                    8127
                ]
            ]
        },
        "whole": {}
    },
    "PUNKTSKY_00004_1km_6106_493": {
        "model": {
            "acc": 99.8467639057529,
            "macc": 98.91695963201272,
            "miou": 95.97159719144005,
            "miou_class": {
                "0": "99.84",
                "1": "92.10"
            },
            "precision": 0.9390756302521008,
            "recall": 0.979519595448799,
            "cfm": [
                [
                    638011,
                    754
                ],
                [
                    243,
                    11622
                ]
            ]
        },
        "whole": {}
    }
}