{
    "PUNKTSKY_00004_1km_6106_492": {
        "model": {
            "acc": 99.80147651839444,
            "macc": 98.2790848828799,
            "miou": 95.76146609639105,
            "miou_class": {
                "0": "99.80",
                "1": "91.73"
            },
            "precision": 0.9470522803114572,
            "recall": 0.9668407903702021,
            "cfm": [
                [
                    188787,
                    238
                ],
                [
                    146,
                    4257
                ]
            ]
        },
        "whole": {}
    },
    "PUNKTSKY_00005_1km_6219_494": {
        "model": {
            "acc": 99.85186766225826,
            "macc": 97.41156408675462,
            "miou": 96.50814253433207,
            "miou_class": {
                "0": "99.85",
                "1": "93.17"
            },
            "precision": 0.9811799177325745,
            "recall": 0.9486271518849423,
            "cfm": [
                [
                    843377,
                    334
                ],
                [
                    943,
                    17413
                ]
            ]
        },
        "whole": {}
    },
    "PUNKTSKY_00004_1km_6106_510": {
        "model": {
            "acc": 99.74678083816838,
            "macc": 97.76812869431785,
            "miou": 94.85335615122975,
            "miou_class": {
                "0": "99.74",
                "1": "89.97"
            },
            "precision": 0.9376447532513807,
            "recall": 0.9569090909090909,
            "cfm": [
                [
                    225965,
                    350
                ],
                [
                    237,
                    5263
                ]
            ]
        },
        "whole": {}
    },
    "PUNKTSKY_00004_1km_6106_494": {
        "model": {
            "acc": 99.5617190205952,
            "macc": 96.70995786127602,
            "miou": 87.72945294237837,
            "miou_class": {
                "0": "99.56",
                "1": "75.90"
            },
            "precision": 0.7993315336161461,
            "recall": 0.9377167847986729,
            "cfm": [
                [
                    442204,
                    1561
                ],
                [
                    413,
                    6218
                ]
            ]
        },
        "whole": {}
    },
    "PUNKTSKY_00005_1km_6211_474": {
        "model": {
            "acc": 99.85268974781705,
            "macc": 99.2037737118575,
            "miou": 97.8323128892674,
            "miou_class": {
                "0": "99.85",
                "1": "95.82"
            },
            "precision": 0.9722894215966571,
            "recall": 0.9850713012477719,
            "cfm": [
                [
                    884814,
                    882
                ],
                [
                    469,
                    30947
                ]
            ]
        },
        "whole": {}
    },
    "PUNKTSKY_00004_1km_6105_518": {
        "model": {
            "acc": 94.72352570613116,
            "macc": 74.1809997727417,
            "miou": 67.14533685375568,
            "miou_class": {
                "0": "94.53",
                "1": "39.76"
            },
            "precision": 0.6541248068006182,
            "recall": 0.503401107683158,
            "cfm": [
                [
                    354851,
                    7161
                ],
                [
                    13360,
                    13543
                ]
            ]
        },
        "whole": {}
    },
    "PUNKTSKY_00004_1km_6106_493": {
        "model": {
            "acc": 99.77575580591119,
            "macc": 97.81375996543899,
            "miou": 94.19688941432518,
            "miou_class": {
                "0": "99.77",
                "1": "88.62"
            },
            "precision": 0.9222528810258075,
            "recall": 0.9577749683944374,
            "cfm": [
                [
                    637807,
                    958
                ],
                [
                    501,
                    11364
                ]
            ]
        },
        "whole": {}
    }
}