{
    "PUNKTSKY_00004_1km_6106_492": {
        "model": {
            "acc": 99.84593750646236,
            "macc": 98.16873665539809,
            "miou": 96.64147020408818,
            "miou_class": {
                "0": "99.84",
                "1": "93.44"
            },
            "precision": 0.9680729760547321,
            "recall": 0.9641153758800818,
            "cfm": [
                [
                    188885,
                    140
                ],
                [
                    158,
                    4245
                ]
            ]
        },
        "whole": {}
    },
    "PUNKTSKY_00005_1km_6219_494": {
        "model": {
            "acc": 99.84397964427359,
            "macc": 97.77259036072267,
            "miou": 96.36122705376108,
            "miou_class": {
                "0": "99.84",
                "1": "92.88"
            },
            "precision": 0.9702028857316601,
            "recall": 0.9560906515580736,
            "cfm": [
                [
                    843172,
                    539
                ],
                [
                    806,
                    17550
                ]
            ]
        },
        "whole": {}
    },
    "PUNKTSKY_00004_1km_6106_510": {
        "model": {
            "acc": 99.83823307378728,
            "macc": 97.79722611083103,
            "miou": 96.59041173697322,
            "miou_class": {
                "0": "99.83",
                "1": "93.35"
            },
            "precision": 0.9748008152677413,
            "recall": 0.9565454545454546,
            "cfm": [
                [
                    226179,
                    136
                ],
                [
                    239,
                    5261
                ]
            ]
        },
        "whole": {}
    },
    "PUNKTSKY_00004_1km_6106_494": {
        "model": {
            "acc": 99.50199380101067,
            "macc": 95.71405211180323,
            "miou": 86.28581671314994,
            "miou_class": {
                "0": "99.50",
                "1": "73.08"
            },
            "precision": 0.7817154596815614,
            "recall": 0.9181118986578193,
            "cfm": [
                [
                    442065,
                    1700
                ],
                [
                    543,
                    6088
                ]
            ]
        },
        "whole": {}
    },
    "PUNKTSKY_00005_1km_6211_474": {
        "model": {
            "acc": 99.89826760526522,
            "macc": 99.44995944818815,
            "miou": 98.49067534522746,
            "miou_class": {
                "0": "99.89",
                "1": "97.09"
            },
            "precision": 0.9807892495504874,
            "recall": 0.9896867838044309,
            "cfm": [
                [
                    885087,
                    609
                ],
                [
                    324,
                    31092
                ]
            ]
        },
        "whole": {}
    },
    "PUNKTSKY_00004_1km_6105_518": {
        "model": {
            "acc": 94.90659912834424,
            "macc": 71.70904379506418,
            "miou": 66.28235628236024,
            "miou_class": {
                "0": "94.74",
                "1": "37.82"
            },
            "precision": 0.7085979769466008,
            "recall": 0.44786826747946323,
            "cfm": [
                [
                    357057,
                    4955
                ],
                [
                    14854,
                    12049
                ]
            ]
        },
        "whole": {}
    },
    "PUNKTSKY_00004_1km_6106_493": {
        "model": {
            "acc": 99.65756267002752,
            "macc": 97.01739346901135,
            "miou": 91.52103092684773,
            "miou_class": {
                "0": "99.65",
                "1": "83.39"
            },
            "precision": 0.8783667059285434,
            "recall": 0.9427728613569322,
            "cfm": [
                [
                    637216,
                    1549
                ],
                [
                    679,
                    11186
                ]
            ]
        },
        "whole": {}
    }
}