{
    "PUNKTSKY_00004_1km_6106_492": {
        "model": {
            "acc": 99.90435717683066,
            "macc": 99.29667334643334,
            "miou": 97.90868747885618,
            "miou_class": {
                "0": "99.90",
                "1": "95.92"
            },
            "precision": 0.9718120805369127,
            "recall": 0.9866000454235748,
            "cfm": [
                [
                    188899,
                    126
                ],
                [
                    59,
                    4344
                ]
            ]
        },
        "whole": {}
    },
    "PUNKTSKY_00005_1km_6219_494": {
        "model": {
            "acc": 99.3571265342485,
            "macc": 98.41385851233221,
            "miou": 87.84301733590381,
            "miou_class": {
                "0": "99.34",
                "1": "76.34"
            },
            "precision": 0.7791234643199443,
            "recall": 0.9742863368925692,
            "cfm": [
                [
                    838641,
                    5070
                ],
                [
                    472,
                    17884
                ]
            ]
        },
        "whole": {}
    },
    "PUNKTSKY_00004_1km_6106_510": {
        "model": {
            "acc": 99.9167439553092,
            "macc": 98.45833401955841,
            "miou": 98.210470613658,
            "miou_class": {
                "0": "99.91",
                "1": "96.51"
            },
            "precision": 0.9955182072829132,
            "recall": 0.9692727272727273,
            "cfm": [
                [
                    226291,
                    24
                ],
                [
                    169,
                    5331
                ]
            ]
        },
        "whole": {}
    },
    "PUNKTSKY_00004_1km_6106_494": {
        "model": {
            "acc": 99.57792697981333,
            "macc": 98.27056566768069,
            "miou": 88.37260496065478,
            "miou_class": {
                "0": "99.57",
                "1": "77.17"
            },
            "precision": 0.7911127523387493,
            "recall": 0.9692354094405067,
            "cfm": [
                [
                    442068,
                    1697
                ],
                [
                    204,
                    6427
                ]
            ]
        },
        "whole": {}
    },
    "PUNKTSKY_00005_1km_6211_474": {
        "model": {
            "acc": 99.8787498146355,
            "macc": 98.33919276946534,
            "miou": 98.17149109549648,
            "miou_class": {
                "0": "99.87",
                "1": "96.47"
            },
            "precision": 0.9976680023648427,
            "recall": 0.9668640183346066,
            "cfm": [
                [
                    885625,
                    71
                ],
                [
                    1041,
                    30375
                ]
            ]
        },
        "whole": {}
    },
    "PUNKTSKY_00004_1km_6105_518": {
        "model": {
            "acc": 98.47010272167441,
            "macc": 92.09870939767167,
            "miou": 88.83529444057439,
            "miou_class": {
                "0": "98.37",
                "1": "79.30"
            },
            "precision": 0.925476180806563,
            "recall": 0.84704308069732,
            "cfm": [
                [
                    360177,
                    1835
                ],
                [
                    4115,
                    22788
                ]
            ]
        },
        "whole": {}
    },
    "PUNKTSKY_00004_1km_6106_493": {
        "model": {
            "acc": 99.76668767194873,
            "macc": 96.14241469681264,
            "miou": 93.7991277565683,
            "miou_class": {
                "0": "99.76",
                "1": "87.84"
            },
            "precision": 0.9469546436285097,
            "recall": 0.9238095238095239,
            "cfm": [
                [
                    638151,
                    614
                ],
                [
                    904,
                    10961
                ]
            ]
        },
        "whole": {}
    }
}