{
    "PUNKTSKY_00004_1km_6106_492": {
        "model": {
            "acc": 99.91521392973097,
            "macc": 99.46859884372041,
            "miou": 98.14367458749314,
            "miou_class": {
                "0": "99.91",
                "1": "96.37"
            },
            "precision": 0.9732083054253181,
            "recall": 0.9900068135362253,
            "cfm": [
                [
                    188905,
                    120
                ],
                [
                    44,
                    4359
                ]
            ]
        },
        "whole": {}
    },
    "PUNKTSKY_00005_1km_6219_494": {
        "model": {
            "acc": 99.73134338746293,
            "macc": 94.98112325070012,
            "miou": 93.71655077132081,
            "miou_class": {
                "0": "99.73",
                "1": "87.71"
            },
            "precision": 0.9715428033866416,
            "recall": 0.9001961211592939,
            "cfm": [
                [
                    843227,
                    484
                ],
                [
                    1832,
                    16524
                ]
            ]
        },
        "whole": {}
    },
    "PUNKTSKY_00004_1km_6106_510": {
        "model": {
            "acc": 99.79078144209822,
            "macc": 97.80840361282443,
            "miou": 95.67556930713512,
            "miou_class": {
                "0": "99.79",
                "1": "91.57"
            },
            "precision": 0.9546690843155031,
            "recall": 0.9572727272727273,
            "cfm": [
                [
                    226065,
                    250
                ],
                [
                    235,
                    5265
                ]
            ]
        },
        "whole": {}
    },
    "PUNKTSKY_00004_1km_6106_494": {
        "model": {
            "acc": 99.68560999653639,
            "macc": 97.18877841573145,
            "miou": 90.63382331527879,
            "miou_class": {
                "0": "99.68",
                "1": "81.59"
            },
            "precision": 0.8555843447429429,
            "recall": 0.9461619665208868,
            "cfm": [
                [
                    442706,
                    1059
                ],
                [
                    357,
                    6274
                ]
            ]
        },
        "whole": {}
    },
    "PUNKTSKY_00005_1km_6211_474": {
        "model": {
            "acc": 99.83328099512381,
            "macc": 97.72771136837962,
            "miou": 97.48845604076723,
            "miou_class": {
                "0": "99.83",
                "1": "95.15"
            },
            "precision": 0.9965112801940392,
            "recall": 0.95467277820219,
            "cfm": [
                [
                    885591,
                    105
                ],
                [
                    1424,
                    29992
                ]
            ]
        },
        "whole": {}
    },
    "PUNKTSKY_00004_1km_6105_518": {
        "model": {
            "acc": 98.29834282555314,
            "macc": 90.97247975882709,
            "miou": 87.61010842506724,
            "miou_class": {
                "0": "98.20",
                "1": "77.02"
            },
            "precision": 0.921042799618083,
            "recall": 0.8247035646582166,
            "cfm": [
                [
                    360110,
                    1902
                ],
                [
                    4716,
                    22187
                ]
            ]
        },
        "whole": {}
    },
    "PUNKTSKY_00004_1km_6106_493": {
        "model": {
            "acc": 99.78236478490079,
            "macc": 94.86830117545126,
            "miou": 94.02213113353079,
            "miou_class": {
                "0": "99.78",
                "1": "88.27"
            },
            "precision": 0.9813876347553672,
            "recall": 0.8976822587442056,
            "cfm": [
                [
                    638563,
                    202
                ],
                [
                    1214,
                    10651
                ]
            ]
        },
        "whole": {}
    }
}