{
    "PUNKTSKY_00004_1km_6106_492": {
        "model": {
            "acc": 99.91831585913104,
            "macc": 98.97107390588646,
            "miou": 98.1916798488703,
            "miou_class": {
                "0": "99.92",
                "1": "96.47"
            },
            "precision": 0.9842573579739904,
            "recall": 0.9797865091982739,
            "cfm": [
                [
                    188956,
                    69
                ],
                [
                    89,
                    4314
                ]
            ]
        },
        "whole": {}
    },
    "PUNKTSKY_00005_1km_6219_494": {
        "model": {
            "acc": 99.77159547923769,
            "macc": 95.57725005038297,
            "miou": 94.62136390807702,
            "miou_class": {
                "0": "99.77",
                "1": "89.48"
            },
            "precision": 0.9793482712221377,
            "recall": 0.9119633907169318,
            "cfm": [
                [
                    843358,
                    353
                ],
                [
                    1616,
                    16740
                ]
            ]
        },
        "whole": {}
    },
    "PUNKTSKY_00004_1km_6106_510": {
        "model": {
            "acc": 99.24724457002351,
            "macc": 92.36770330171342,
            "miou": 86.04243439255723,
            "miou_class": {
                "0": "99.23",
                "1": "72.85"
            },
            "precision": 0.8346105863482445,
            "recall": 0.8514545454545455,
            "cfm": [
                [
                    225387,
                    928
                ],
                [
                    817,
                    4683
                ]
            ]
        },
        "whole": {}
    },
    "PUNKTSKY_00004_1km_6106_494": {
        "model": {
            "acc": 99.38787200596808,
            "macc": 93.31642297513855,
            "miou": 83.52935344457238,
            "miou_class": {
                "0": "99.38",
                "1": "67.68"
            },
            "precision": 0.7524765380604796,
            "recall": 0.8706077514703665,
            "cfm": [
                [
                    441866,
                    1899
                ],
                [
                    858,
                    5773
                ]
            ]
        },
        "whole": {}
    },
    "PUNKTSKY_00005_1km_6211_474": {
        "model": {
            "acc": 99.80471305576636,
            "macc": 97.7758595506074,
            "miou": 97.08513767745123,
            "miou_class": {
                "0": "99.80",
                "1": "94.37"
            },
            "precision": 0.9865970237508623,
            "recall": 0.955977845683728,
            "cfm": [
                [
                    885288,
                    408
                ],
                [
                    1383,
                    30033
                ]
            ]
        },
        "whole": {}
    },
    "PUNKTSKY_00004_1km_6105_518": {
        "model": {
            "acc": 96.13437383489966,
            "macc": 88.55590713508343,
            "miou": 77.35528405944376,
            "miou_class": {
                "0": "95.91",
                "1": "58.80"
            },
            "precision": 0.6911456823525622,
            "recall": 0.7976062149202691,
            "cfm": [
                [
                    352423,
                    9589
                ],
                [
                    5445,
                    21458
                ]
            ]
        },
        "whole": {}
    },
    "PUNKTSKY_00004_1km_6106_493": {
        "model": {
            "acc": 99.62098273980602,
            "macc": 91.3864845777762,
            "miou": 89.77911871345769,
            "miou_class": {
                "0": "99.62",
                "1": "79.94"
            },
            "precision": 0.958085583390194,
            "recall": 0.8284028655710072,
            "cfm": [
                [
                    638335,
                    430
                ],
                [
                    2036,
                    9829
                ]
            ]
        },
        "whole": {}
    }
}