{
    "PUNKTSKY_00004_1km_6106_492": {
        "model": {
            "acc": 99.87747378869656,
            "macc": 98.41779103431391,
            "miou": 97.30577733529724,
            "miou_class": {
                "0": "99.87",
                "1": "94.74"
            },
            "precision": 0.9770957398076042,
            "recall": 0.9688848512377924,
            "cfm": [
                [
                    188925,
                    100
                ],
                [
                    137,
                    4266
                ]
            ]
        },
        "whole": {}
    },
    "PUNKTSKY_00005_1km_6219_494": {
        "model": {
            "acc": 99.85465166860581,
            "macc": 97.77004853560776,
            "miou": 96.59337003951966,
            "miou_class": {
                "0": "99.85",
                "1": "93.34"
            },
            "precision": 0.9753209938302485,
            "recall": 0.955927217258662,
            "cfm": [
                [
                    843267,
                    444
                ],
                [
                    809,
                    17547
                ]
            ]
        },
        "whole": {}
    },
    "PUNKTSKY_00004_1km_6106_510": {
        "model": {
            "acc": 99.90984189979079,
            "macc": 98.92490796215252,
            "miou": 98.08544313810455,
            "miou_class": {
                "0": "99.91",
                "1": "96.26"
            },
            "precision": 0.9830199014058791,
            "recall": 0.978909090909091,
            "cfm": [
                [
                    226222,
                    93
                ],
                [
                    116,
                    5384
                ]
            ]
        },
        "whole": {}
    },
    "PUNKTSKY_00004_1km_6106_494": {
        "model": {
            "acc": 99.60656844199328,
            "macc": 98.18111302757393,
            "miou": 88.97576451831155,
            "miou_class": {
                "0": "99.60",
                "1": "78.35"
            },
            "precision": 0.804945399774068,
            "recall": 0.9671241140099532,
            "cfm": [
                [
                    442211,
                    1554
                ],
                [
                    218,
                    6413
                ]
            ]
        },
        "whole": {}
    },
    "PUNKTSKY_00005_1km_6211_474": {
        "model": {
            "acc": 99.94177374192029,
            "macc": 99.74266046258482,
            "miou": 99.13029041447973,
            "miou_class": {
                "0": "99.94",
                "1": "98.32"
            },
            "precision": 0.9878056485752196,
            "recall": 0.9952890247007894,
            "cfm": [
                [
                    885310,
                    386
                ],
                [
                    148,
                    31268
                ]
            ]
        },
        "whole": {}
    },
    "PUNKTSKY_00004_1km_6105_518": {
        "model": {
            "acc": 94.79860637928597,
            "macc": 63.699291235734215,
            "miou": 60.776138528832,
            "miou_class": {
                "0": "94.70",
                "1": "26.85"
            },
            "precision": 0.9079462102689486,
            "recall": 0.27606586626026836,
            "cfm": [
                [
                    361259,
                    753
                ],
                [
                    19476,
                    7427
                ]
            ]
        },
        "whole": {}
    },
    "PUNKTSKY_00004_1km_6106_493": {
        "model": {
            "acc": 99.83585140556076,
            "macc": 99.01479700663816,
            "miou": 95.71666664333688,
            "miou_class": {
                "0": "99.83",
                "1": "91.60"
            },
            "precision": 0.9319836760822597,
            "recall": 0.9816266329540666,
            "cfm": [
                [
                    637915,
                    850
                ],
                [
                    218,
                    11647
                ]
            ]
        },
        "whole": {}
    }
}