{
    "PUNKTSKY_00004_1km_6106_492": {
        "model": {
            "acc": 99.97342534389041,
            "macc": 94.09111838105903,
            "miou": 93.68845943867798,
            "miou_class": {
                "0": "99.97",
                "1": "87.40"
            },
            "precision": 0.989974293059126,
            "recall": 0.8818410808335242,
            "cfm": [
                [
                    2084050,
                    39
                ],
                [
                    516,
                    3851
                ]
            ]
        },
        "whole": {}
    },
    "PUNKTSKY_00005_1km_6219_494": {
        "model": {
            "acc": 99.95956156359337,
            "macc": 96.85823090051223,
            "miou": 96.55679535581643,
            "miou_class": {
                "0": "99.96",
                "1": "93.15"
            },
            "precision": 0.9935609640831758,
            "recall": 0.9372004903599688,
            "cfm": [
                [
                    3038443,
                    109
                ],
                [
                    1127,
                    16819
                ]
            ]
        },
        "whole": {}
    },
    "PUNKTSKY_00004_1km_6106_510": {
        "model": {
            "acc": 99.98172297685602,
            "macc": 98.27159520598299,
            "miou": 98.22750080722659,
            "miou_class": {
                "0": "99.98",
                "1": "96.47"
            },
            "precision": 0.9992468461683299,
            "recall": 0.9654356921957431,
            "cfm": [
                [
                    1055941,
                    4
                ],
                [
                    190,
                    5307
                ]
            ]
        },
        "whole": {}
    },
    "PUNKTSKY_00004_1km_6106_494": {
        "model": {
            "acc": 99.95286284288815,
            "macc": 97.78642252073845,
            "miou": 96.25040234087655,
            "miou_class": {
                "0": "99.95",
                "1": "92.55"
            },
            "precision": 0.9667277167277167,
            "recall": 0.9559311801992152,
            "cfm": [
                [
                    1075105,
                    218
                ],
                [
                    292,
                    6334
                ]
            ]
        },
        "whole": {}
    },
    "PUNKTSKY_00005_1km_6211_474": {
        "model": {
            "acc": 99.89939912849027,
            "macc": 97.35887002742626,
            "miou": 95.44379746755742,
            "miou_class": {
                "0": "99.90",
                "1": "90.99"
            },
            "precision": 0.9580714815172903,
            "recall": 0.9476267890727105,
            "cfm": [
                [
                    2893744,
                    1301
                ],
                [
                    1643,
                    29728
                ]
            ]
        },
        "whole": {}
    },
    "PUNKTSKY_00004_1km_6105_518": {
        "model": {
            "acc": 99.77558040644318,
            "macc": 96.64584755258502,
            "miou": 96.52832080520561,
            "miou_class": {
                "0": "99.77",
                "1": "93.29"
            },
            "precision": 0.9999593082400814,
            "recall": 0.9329182643027979,
            "cfm": [
                [
                    761468,
                    1
                ],
                [
                    1767,
                    24574
                ]
            ]
        },
        "whole": {}
    },
    "PUNKTSKY_00004_1km_6106_493": {
        "model": {
            "acc": 99.95197325077689,
            "macc": 97.6948725130551,
            "miou": 97.22008030945817,
            "miou_class": {
                "0": "99.95",
                "1": "94.49"
            },
            "precision": 0.9900105152471083,
            "recall": 0.9539812547496411,
            "cfm": [
                [
                    1360195,
                    114
                ],
                [
                    545,
                    11298
                ]
            ]
        },
        "whole": {}
    }
}