{
    "PUNKTSKY_00004_1km_6106_492": {
        "model": {
            "acc": 99.98247509164665,
            "macc": 96.34647946189654,
            "miou": 95.8453221177332,
            "miou_class": {
                "0": "99.98",
                "1": "91.71"
            },
            "precision": 0.9885225885225886,
            "recall": 0.9269521410579346,
            "cfm": [
                [
                    2084042,
                    47
                ],
                [
                    319,
                    4048
                ]
            ]
        },
        "whole": {}
    },
    "PUNKTSKY_00005_1km_6219_494": {
        "model": {
            "acc": 99.96178633193936,
            "macc": 96.92028283610122,
            "miou": 96.73796527298207,
            "miou_class": {
                "0": "99.96",
                "1": "93.51"
            },
            "precision": 0.9962730714623758,
            "recall": 0.938426390281957,
            "cfm": [
                [
                    3038489,
                    63
                ],
                [
                    1105,
                    16841
                ]
            ]
        },
        "whole": {}
    },
    "PUNKTSKY_00004_1km_6106_510": {
        "model": {
            "acc": 99.99783313643138,
            "macc": 99.91747425241215,
            "miou": 99.79023837535047,
            "miou_class": {
                "0": "100.00",
                "1": "99.58"
            },
            "precision": 0.9974554707379135,
            "recall": 0.9983627433145352,
            "cfm": [
                [
                    1055931,
                    14
                ],
                [
                    9,
                    5488
                ]
            ]
        },
        "whole": {}
    },
    "PUNKTSKY_00004_1km_6106_494": {
        "model": {
            "acc": 99.68538258272802,
            "macc": 82.48030277777545,
            "miou": 77.78114270593701,
            "miou_class": {
                "0": "99.68",
                "1": "55.88"
            },
            "precision": 0.7983333333333333,
            "recall": 0.6506187745246,
            "cfm": [
                [
                    1074234,
                    1089
                ],
                [
                    2315,
                    4311
                ]
            ]
        },
        "whole": {}
    },
    "PUNKTSKY_00005_1km_6211_474": {
        "model": {
            "acc": 99.93691942635633,
            "macc": 98.05575332005877,
            "miou": 97.08411779396819,
            "miou_class": {
                "0": "99.94",
                "1": "94.23"
            },
            "precision": 0.979442044753337,
            "recall": 0.9613337158522202,
            "cfm": [
                [
                    2894412,
                    633
                ],
                [
                    1213,
                    30158
                ]
            ]
        },
        "whole": {}
    },
    "PUNKTSKY_00004_1km_6105_518": {
        "model": {
            "acc": 98.98338431855397,
            "macc": 84.80112906743419,
            "miou": 84.27820013834364,
            "miou_class": {
                "0": "98.96",
                "1": "69.60"
            },
            "precision": 0.99989092495637,
            "recall": 0.6960252078508788,
            "cfm": [
                [
                    761467,
                    2
                ],
                [
                    8007,
                    18334
                ]
            ]
        },
        "whole": {}
    },
    "PUNKTSKY_00004_1km_6106_493": {
        "model": {
            "acc": 99.97689760318099,
            "macc": 98.81232196248581,
            "miou": 98.65406424403045,
            "miou_class": {
                "0": "99.98",
                "1": "97.33"
            },
            "precision": 0.9968960165545784,
            "recall": 0.9762729038250443,
            "cfm": [
                [
                    1360273,
                    36
                ],
                [
                    281,
                    11562
                ]
            ]
        },
        "whole": {}
    }
}