{
    "PUNKTSKY_00004_1km_6106_492": {
        "model": {
            "acc": 84.55844892111685,
            "macc": 84.57367382860205,
            "miou": 42.83178979943491,
            "miou_class": {
                "0": "84.53",
                "1": "1.13"
            },
            "precision": 0.011348310809772942,
            "recall": 0.84588962674605,
            "cfm": [
                [
                    1762272,
                    321817
                ],
                [
                    673,
                    3694
                ]
            ]
        },
        "whole": {}
    },
    "PUNKTSKY_00005_1km_6219_494": {
        "model": {
            "acc": 80.65917268717337,
            "macc": 80.3487049364381,
            "miou": 41.469945095663064,
            "miou_class": {
                "0": "80.57",
                "1": "2.37"
            },
            "precision": 0.0238614993055694,
            "recall": 0.8003454808871058,
            "cfm": [
                [
                    2450983,
                    587569
                ],
                [
                    3583,
                    14363
                ]
            ]
        },
        "whole": {}
    },
    "PUNKTSKY_00004_1km_6106_510": {
        "model": {
            "acc": 62.473220392635675,
            "macc": 63.01474781936531,
            "miou": 31.60941572422461,
            "miou_class": {
                "0": "62.35",
                "1": "0.87"
            },
            "precision": 0.008739019949176622,
            "recall": 0.6356194287793342,
            "cfm": [
                [
                    659623,
                    396322
                ],
                [
                    2003,
                    3494
                ]
            ]
        },
        "whole": {}
    },
    "PUNKTSKY_00004_1km_6106_494": {
        "model": {
            "acc": 75.4851661215085,
            "macc": 74.84285280341933,
            "miou": 38.596487832222046,
            "miou_class": {
                "0": "75.37",
                "1": "1.82"
            },
            "precision": 0.018312944226728852,
            "recall": 0.741925747057048,
            "cfm": [
                [
                    811795,
                    263528
                ],
                [
                    1710,
                    4916
                ]
            ]
        },
        "whole": {}
    },
    "PUNKTSKY_00005_1km_6211_474": {
        "model": {
            "acc": 78.94219413781227,
            "macc": 80.42580483909997,
            "miou": 41.37998771499344,
            "miou_class": {
                "0": "78.76",
                "1": "4.00"
            },
            "precision": 0.040400452630917204,
            "recall": 0.8194192088234357,
            "cfm": [
                [
                    2284471,
                    610574
                ],
                [
                    5665,
                    25706
                ]
            ]
        },
        "whole": {}
    },
    "PUNKTSKY_00004_1km_6105_518": {
        "model": {
            "acc": 46.908645485586625,
            "macc": 67.93642280161494,
            "miou": 25.321543046592552,
            "miou_class": {
                "0": "45.25",
                "1": "5.39"
            },
            "precision": 0.054213112516493016,
            "recall": 0.9047112865874493,
            "cfm": [
                [
                    345720,
                    415749
                ],
                [
                    2510,
                    23831
                ]
            ]
        },
        "whole": {}
    },
    "PUNKTSKY_00004_1km_6106_493": {
        "model": {
            "acc": 74.19287367580269,
            "macc": 76.20734378126866,
            "miou": 38.28393546848515,
            "miou_class": {
                "0": "74.02",
                "1": "2.55"
            },
            "precision": 0.025686934252756328,
            "recall": 0.7825719834501393,
            "cfm": [
                [
                    1008771,
                    351538
                ],
                [
                    2575,
                    9268
                ]
            ]
        },
        "whole": {}
    }
}